GROUP,PACKAGE,CLASS,INSTRUCTION_MISSED,INSTRUCTION_COVERED,BRANCH_MISSED,BRANCH_COVERED,LINE_MISSED,LINE_COVERED,COMPLEXITY_MISSED,COMPLEXITY_COVERED,METHOD_MISSED,METHOD_COVERED
core-financial-clearance-solution,com.cerner.careaware.build.solution.capability,SpringbootCareAwarePubSubCapabilityFactory,22,0,0,0,5,0,2,0,2,0
core-financial-clearance-solution,com.cerner.careaware.build.solution.capability,EligibilityRulesCapabilityFactory,22,0,0,0,5,0,2,0,2,0
core-financial-clearance-solution,com.cerner.careaware.build.solution.capability,EligibilityCapabilityFactory,22,0,0,0,5,0,2,0,2,0
core-financial-clearance-solution,com.cerner.careaware.build.solution.container,EligibilityRulesContainerFactory.RulesServiceFactory,100,0,0,0,19,0,3,0,3,0
core-financial-clearance-solution,com.cerner.careaware.build.solution.container,EligibilityContainerFactory,17,0,0,0,4,0,2,0,2,0
core-financial-clearance-solution,com.cerner.careaware.build.solution.container,EligibilityContainerFactory.EligibilityServiceFactory,102,0,0,0,16,0,3,0,3,0
core-financial-clearance-solution,com.cerner.careaware.build.solution.container,EligibilityRulesContainerFactory,17,0,0,0,4,0,2,0,2,0
core-financial-clearance-solution,com.cerner.careaware.build.solution.container,SpringbootCareAwarePubSubContainerFactory,17,0,0,0,4,0,2,0,2,0
core-financial-clearance-solution,com.cerner.careaware.build.solution.container,SpringbootCareAwarePubSubContainerFactory.SpringbootCareAwarePubSubServiceFactory,102,0,0,0,16,0,3,0,3,0
core-financial-clearance-solution,com.cerner.careaware.build.solution,CoreFinancialClearanceSolutionFactory,31,0,0,0,10,0,2,0,2,0
